{"aina":{"poses":{"normal":{"expressions":[],"thumbnail":[293.25,126.25,97,97,0.5000000000000001]}}},"shino":{"poses":{"normal":{"expressions":[],"thumbnail":[214.75,145.75,97,97,0.5000000000000001]},"seihuku2":{"expressions":[],"thumbnail":[223.75,153.75,97,97,0.7000000000000001]},"hadaka":{"expressions":[],"thumbnail":[223,163,97,97,0.6000000000000001]},"heyagi":{"expressions":[],"thumbnail":[226.25,156.25,97,97,0.5000000000000001]},"sihuku":{"expressions":[],"thumbnail":[223.75,153.75,97,97,0.5000000000000001]},"sitagi":{"expressions":[],"thumbnail":[213,153,97,97,0.5000000000000001]},"baito":{"expressions":[],"thumbnail":[263.75,143.75,97,97,0.5000000000000001]},"hadaka2":{"expressions":[],"thumbnail":[263.75,153.75,97,97,0.6000000000000001]},"seihuku":{"expressions":[],"thumbnail":[263.75,153.75,97,97,0.6000000000000001]},"heyagi2":{"expressions":[],"thumbnail":[263.75,153.75,97,97,0.6000000000000001]},"sihuku2":{"expressions":[],"thumbnail":[263.75,143.75,97,97,0.5000000000000001]},"hiki":{"expressions":[],"thumbnail":[253.75,223.75,97,97,0.40000000000000013]},"youjyo":{"expressions":[],"thumbnail":[206.25,306.25,97,97,0.5000000000000001]},"pajyama":{"expressions":[],"thumbnail":[223.75,153.75,97,97,0.5000000000000001]},"sitagi2":{"expressions":[],"thumbnail":[267.75,153.75,97,97,0.5000000000000001]}}},"kasumi":{"poses":{"normal":{"expressions":[],"thumbnail":[231.5,201.5,97,97,0.6]}}},"yui":{"poses":{"normal":{"expressions":[],"thumbnail":[286.25,186.25,97,97,0.5000000000000001]}}},"sayaka":{"poses":{"normal":{"expressions":[],"thumbnail":[226.5,156.5,97,97,0.7]}}},"ayano":{"poses":{"normal":{"expressions":[],"thumbnail":[216.25,156.25,97,97,0.7000000000000001]},"hadaka":{"expressions":[],"thumbnail":[203,153,97,97,0.5000000000000001]}}},"rino":{"poses":{"normal":{"expressions":[],"thumbnail":[263.75,153.75,97,97,0.6000000000000001]},"hadaka":{"expressions":[],"thumbnail":[253.75,153.75,97,97,0.6000000000000001]},"hadaka2":{"expressions":[],"thumbnail":[243.75,153.75,97,97,0.6000000000000001]},"normal2":{"expressions":[],"thumbnail":[236.25,146.25,97,97,0.5000000000000001]},"sihuku":{"expressions":[],"thumbnail":[263.75,153.75,97,97,0.6000000000000001]},"sihuku2":{"expressions":[],"thumbnail":[256.25,156.25,97,97,0.6000000000000001]},"gaku":{"expressions":[],"thumbnail":[263.75,193.75,97,97,0.5000000000000001]},"sihuku3":{"expressions":[],"thumbnail":[243.75,143.75,97,97,0.5000000000000001]},"sihuku4":{"expressions":[],"thumbnail":[243.75,143.75,97,97,0.5000000000000001]}}},"papa":{"poses":{"normal":{"expressions":[],"thumbnail":[193.75,134.75,97,97,0.30000000000000016]}}},"ota":{"poses":{"normal":{"expressions":[],"thumbnail":[226.25,136.25,97,97,0.30000000000000016]}}},"tyara":{"poses":{"normal":{"expressions":[],"thumbnail":[260,190,97,97,0.40000000000000013]}}},"gaki":{"poses":{"normal":{"expressions":[],"thumbnail":[246.5,292.5,97,97,0.5]}}},"o-na":{"poses":{"normal":{"expressions":[],"thumbnail":[230,282.25,97,97,0.5000000000000001]},"tank":{"expressions":[],"thumbnail":[254.5,256.5,97,97,0.5]}}},"hage":{"poses":{"normal":{"expressions":[],"thumbnail":[231,150,97,97,0.40000000000000013]}}},"kouji":{"poses":{"normal":{"expressions":[],"thumbnail":[193.75,193.75,97,97,0.30000000000000016]}}},"keikan":{"poses":{"normal":{"expressions":[],"thumbnail":[193.75,193.75,97,97,0.20000000000000015]}}},"jyogaku":{"poses":{"jyogaku6":{"expressions":[],"thumbnail":[193.75,193.75,97,97,0.20000000000000015]}}}}